"STATISTIC","STATISTIC Label","TLIST(Q1)","Quarter","C02342V02816","Type of House","C02106V02545","Urban and Rural","UNIT","VALUE"
"NDQ03","New Dwelling Completions","20111","2011Q1","-","All house types","1","Urban areas","Number","841"
"NDQ03","New Dwelling Completions","20111","2011Q1","-","All house types","5","Rural areas","Number","1033"
"NDQ03","New Dwelling Completions","20111","2011Q1","06","Single house","1","Urban areas","Number","152"
"NDQ03","New Dwelling Completions","20111","2011Q1","06","Single house","5","Rural areas","Number","1004"
"NDQ03","New Dwelling Completions","20111","2011Q1","07","Scheme house","1","Urban areas","Number","422"
"NDQ03","New Dwelling Completions","20111","2011Q1","07","Scheme house","5","Rural areas","Number","25"
"NDQ03","New Dwelling Completions","20111","2011Q1","08","Apartment","1","Urban areas","Number","267"
"NDQ03","New Dwelling Completions","20111","2011Q1","08","Apartment","5","Rural areas","Number","4"
"NDQ03","New Dwelling Completions","20112","2011Q2","-","All house types","1","Urban areas","Number","706"
"NDQ03","New Dwelling Completions","20112","2011Q2","-","All house types","5","Rural areas","Number","1081"
"NDQ03","New Dwelling Completions","20112","2011Q2","06","Single house","1","Urban areas","Number","136"
"NDQ03","New Dwelling Completions","20112","2011Q2","06","Single house","5","Rural areas","Number","1056"
"NDQ03","New Dwelling Completions","20112","2011Q2","07","Scheme house","1","Urban areas","Number","355"
"NDQ03","New Dwelling Completions","20112","2011Q2","07","Scheme house","5","Rural areas","Number","24"
"NDQ03","New Dwelling Completions","20112","2011Q2","08","Apartment","1","Urban areas","Number","215"
"NDQ03","New Dwelling Completions","20112","2011Q2","08","Apartment","5","Rural areas","Number","1"
"NDQ03","New Dwelling Completions","20113","2011Q3","-","All house types","1","Urban areas","Number","602"
"NDQ03","New Dwelling Completions","20113","2011Q3","-","All house types","5","Rural areas","Number","1085"
"NDQ03","New Dwelling Completions","20113","2011Q3","06","Single house","1","Urban areas","Number","149"
"NDQ03","New Dwelling Completions","20113","2011Q3","06","Single house","5","Rural areas","Number","1048"
"NDQ03","New Dwelling Completions","20113","2011Q3","07","Scheme house","1","Urban areas","Number","268"
"NDQ03","New Dwelling Completions","20113","2011Q3","07","Scheme house","5","Rural areas","Number","37"
"NDQ03","New Dwelling Completions","20113","2011Q3","08","Apartment","1","Urban areas","Number","185"
"NDQ03","New Dwelling Completions","20113","2011Q3","08","Apartment","5","Rural areas","Number","0"
"NDQ03","New Dwelling Completions","20114","2011Q4","-","All house types","1","Urban areas","Number","489"
"NDQ03","New Dwelling Completions","20114","2011Q4","-","All house types","5","Rural areas","Number","1152"
"NDQ03","New Dwelling Completions","20114","2011Q4","06","Single house","1","Urban areas","Number","136"
"NDQ03","New Dwelling Completions","20114","2011Q4","06","Single house","5","Rural areas","Number","1131"
"NDQ03","New Dwelling Completions","20114","2011Q4","07","Scheme house","1","Urban areas","Number","206"
"NDQ03","New Dwelling Completions","20114","2011Q4","07","Scheme house","5","Rural areas","Number","20"
"NDQ03","New Dwelling Completions","20114","2011Q4","08","Apartment","1","Urban areas","Number","147"
"NDQ03","New Dwelling Completions","20114","2011Q4","08","Apartment","5","Rural areas","Number","1"
"NDQ03","New Dwelling Completions","20121","2012Q1","-","All house types","1","Urban areas","Number","415"
"NDQ03","New Dwelling Completions","20121","2012Q1","-","All house types","5","Rural areas","Number","716"
"NDQ03","New Dwelling Completions","20121","2012Q1","06","Single house","1","Urban areas","Number","98"
"NDQ03","New Dwelling Completions","20121","2012Q1","06","Single house","5","Rural areas","Number","699"
"NDQ03","New Dwelling Completions","20121","2012Q1","07","Scheme house","1","Urban areas","Number","199"
"NDQ03","New Dwelling Completions","20121","2012Q1","07","Scheme house","5","Rural areas","Number","12"
"NDQ03","New Dwelling Completions","20121","2012Q1","08","Apartment","1","Urban areas","Number","118"
"NDQ03","New Dwelling Completions","20121","2012Q1","08","Apartment","5","Rural areas","Number","5"
"NDQ03","New Dwelling Completions","20122","2012Q2","-","All house types","1","Urban areas","Number","368"
"NDQ03","New Dwelling Completions","20122","2012Q2","-","All house types","5","Rural areas","Number","749"
"NDQ03","New Dwelling Completions","20122","2012Q2","06","Single house","1","Urban areas","Number","111"
"NDQ03","New Dwelling Completions","20122","2012Q2","06","Single house","5","Rural areas","Number","736"
"NDQ03","New Dwelling Completions","20122","2012Q2","07","Scheme house","1","Urban areas","Number","183"
"NDQ03","New Dwelling Completions","20122","2012Q2","07","Scheme house","5","Rural areas","Number","11"
"NDQ03","New Dwelling Completions","20122","2012Q2","08","Apartment","1","Urban areas","Number","74"
"NDQ03","New Dwelling Completions","20122","2012Q2","08","Apartment","5","Rural areas","Number","2"
"NDQ03","New Dwelling Completions","20123","2012Q3","-","All house types","1","Urban areas","Number","425"
"NDQ03","New Dwelling Completions","20123","2012Q3","-","All house types","5","Rural areas","Number","778"
"NDQ03","New Dwelling Completions","20123","2012Q3","06","Single house","1","Urban areas","Number","106"
"NDQ03","New Dwelling Completions","20123","2012Q3","06","Single house","5","Rural areas","Number","761"
"NDQ03","New Dwelling Completions","20123","2012Q3","07","Scheme house","1","Urban areas","Number","229"
"NDQ03","New Dwelling Completions","20123","2012Q3","07","Scheme house","5","Rural areas","Number","15"
"NDQ03","New Dwelling Completions","20123","2012Q3","08","Apartment","1","Urban areas","Number","90"
"NDQ03","New Dwelling Completions","20123","2012Q3","08","Apartment","5","Rural areas","Number","2"
"NDQ03","New Dwelling Completions","20124","2012Q4","-","All house types","1","Urban areas","Number","602"
"NDQ03","New Dwelling Completions","20124","2012Q4","-","All house types","5","Rural areas","Number","854"
"NDQ03","New Dwelling Completions","20124","2012Q4","06","Single house","1","Urban areas","Number","147"
"NDQ03","New Dwelling Completions","20124","2012Q4","06","Single house","5","Rural areas","Number","841"
"NDQ03","New Dwelling Completions","20124","2012Q4","07","Scheme house","1","Urban areas","Number","306"
"NDQ03","New Dwelling Completions","20124","2012Q4","07","Scheme house","5","Rural areas","Number","9"
"NDQ03","New Dwelling Completions","20124","2012Q4","08","Apartment","1","Urban areas","Number","149"
"NDQ03","New Dwelling Completions","20124","2012Q4","08","Apartment","5","Rural areas","Number","4"
"NDQ03","New Dwelling Completions","20131","2013Q1","-","All house types","1","Urban areas","Number","329"
"NDQ03","New Dwelling Completions","20131","2013Q1","-","All house types","5","Rural areas","Number","560"
"NDQ03","New Dwelling Completions","20131","2013Q1","06","Single house","1","Urban areas","Number","87"
"NDQ03","New Dwelling Completions","20131","2013Q1","06","Single house","5","Rural areas","Number","551"
"NDQ03","New Dwelling Completions","20131","2013Q1","07","Scheme house","1","Urban areas","Number","165"
"NDQ03","New Dwelling Completions","20131","2013Q1","07","Scheme house","5","Rural areas","Number","9"
"NDQ03","New Dwelling Completions","20131","2013Q1","08","Apartment","1","Urban areas","Number","77"
"NDQ03","New Dwelling Completions","20131","2013Q1","08","Apartment","5","Rural areas","Number","0"
"NDQ03","New Dwelling Completions","20132","2013Q2","-","All house types","1","Urban areas","Number","534"
"NDQ03","New Dwelling Completions","20132","2013Q2","-","All house types","5","Rural areas","Number","611"
"NDQ03","New Dwelling Completions","20132","2013Q2","06","Single house","1","Urban areas","Number","119"
"NDQ03","New Dwelling Completions","20132","2013Q2","06","Single house","5","Rural areas","Number","602"
"NDQ03","New Dwelling Completions","20132","2013Q2","07","Scheme house","1","Urban areas","Number","273"
"NDQ03","New Dwelling Completions","20132","2013Q2","07","Scheme house","5","Rural areas","Number","8"
"NDQ03","New Dwelling Completions","20132","2013Q2","08","Apartment","1","Urban areas","Number","142"
"NDQ03","New Dwelling Completions","20132","2013Q2","08","Apartment","5","Rural areas","Number","1"
"NDQ03","New Dwelling Completions","20133","2013Q3","-","All house types","1","Urban areas","Number","398"
"NDQ03","New Dwelling Completions","20133","2013Q3","-","All house types","5","Rural areas","Number","635"
"NDQ03","New Dwelling Completions","20133","2013Q3","06","Single house","1","Urban areas","Number","104"
"NDQ03","New Dwelling Completions","20133","2013Q3","06","Single house","5","Rural areas","Number","623"
"NDQ03","New Dwelling Completions","20133","2013Q3","07","Scheme house","1","Urban areas","Number","255"
"NDQ03","New Dwelling Completions","20133","2013Q3","07","Scheme house","5","Rural areas","Number","12"
"NDQ03","New Dwelling Completions","20133","2013Q3","08","Apartment","1","Urban areas","Number","39"
"NDQ03","New Dwelling Completions","20133","2013Q3","08","Apartment","5","Rural areas","Number","0"
"NDQ03","New Dwelling Completions","20134","2013Q4","-","All house types","1","Urban areas","Number","774"
"NDQ03","New Dwelling Completions","20134","2013Q4","-","All house types","5","Rural areas","Number","733"
"NDQ03","New Dwelling Completions","20134","2013Q4","06","Single house","1","Urban areas","Number","147"
"NDQ03","New Dwelling Completions","20134","2013Q4","06","Single house","5","Rural areas","Number","714"
"NDQ03","New Dwelling Completions","20134","2013Q4","07","Scheme house","1","Urban areas","Number","414"
"NDQ03","New Dwelling Completions","20134","2013Q4","07","Scheme house","5","Rural areas","Number","19"
"NDQ03","New Dwelling Completions","20134","2013Q4","08","Apartment","1","Urban areas","Number","213"
"NDQ03","New Dwelling Completions","20134","2013Q4","08","Apartment","5","Rural areas","Number","0"
"NDQ03","New Dwelling Completions","20141","2014Q1","-","All house types","1","Urban areas","Number","540"
"NDQ03","New Dwelling Completions","20141","2014Q1","-","All house types","5","Rural areas","Number","554"
"NDQ03","New Dwelling Completions","20141","2014Q1","06","Single house","1","Urban areas","Number","79"
"NDQ03","New Dwelling Completions","20141","2014Q1","06","Single house","5","Rural areas","Number","546"
"NDQ03","New Dwelling Completions","20141","2014Q1","07","Scheme house","1","Urban areas","Number","301"
"NDQ03","New Dwelling Completions","20141","2014Q1","07","Scheme house","5","Rural areas","Number","8"
"NDQ03","New Dwelling Completions","20141","2014Q1","08","Apartment","1","Urban areas","Number","160"
"NDQ03","New Dwelling Completions","20141","2014Q1","08","Apartment","5","Rural areas","Number","0"
"NDQ03","New Dwelling Completions","20142","2014Q2","-","All house types","1","Urban areas","Number","716"
"NDQ03","New Dwelling Completions","20142","2014Q2","-","All house types","5","Rural areas","Number","602"
"NDQ03","New Dwelling Completions","20142","2014Q2","06","Single house","1","Urban areas","Number","121"
"NDQ03","New Dwelling Completions","20142","2014Q2","06","Single house","5","Rural areas","Number","591"
"NDQ03","New Dwelling Completions","20142","2014Q2","07","Scheme house","1","Urban areas","Number","356"
"NDQ03","New Dwelling Completions","20142","2014Q2","07","Scheme house","5","Rural areas","Number","9"
"NDQ03","New Dwelling Completions","20142","2014Q2","08","Apartment","1","Urban areas","Number","239"
"NDQ03","New Dwelling Completions","20142","2014Q2","08","Apartment","5","Rural areas","Number","2"
"NDQ03","New Dwelling Completions","20143","2014Q3","-","All house types","1","Urban areas","Number","795"
"NDQ03","New Dwelling Completions","20143","2014Q3","-","All house types","5","Rural areas","Number","609"
"NDQ03","New Dwelling Completions","20143","2014Q3","06","Single house","1","Urban areas","Number","130"
"NDQ03","New Dwelling Completions","20143","2014Q3","06","Single house","5","Rural areas","Number","598"
"NDQ03","New Dwelling Completions","20143","2014Q3","07","Scheme house","1","Urban areas","Number","495"
"NDQ03","New Dwelling Completions","20143","2014Q3","07","Scheme house","5","Rural areas","Number","11"
"NDQ03","New Dwelling Completions","20143","2014Q3","08","Apartment","1","Urban areas","Number","170"
"NDQ03","New Dwelling Completions","20143","2014Q3","08","Apartment","5","Rural areas","Number","0"
"NDQ03","New Dwelling Completions","20144","2014Q4","-","All house types","1","Urban areas","Number","912"
"NDQ03","New Dwelling Completions","20144","2014Q4","-","All house types","5","Rural areas","Number","790"
"NDQ03","New Dwelling Completions","20144","2014Q4","06","Single house","1","Urban areas","Number","128"
"NDQ03","New Dwelling Completions","20144","2014Q4","06","Single house","5","Rural areas","Number","782"
"NDQ03","New Dwelling Completions","20144","2014Q4","07","Scheme house","1","Urban areas","Number","607"
"NDQ03","New Dwelling Completions","20144","2014Q4","07","Scheme house","5","Rural areas","Number","8"
"NDQ03","New Dwelling Completions","20144","2014Q4","08","Apartment","1","Urban areas","Number","177"
"NDQ03","New Dwelling Completions","20144","2014Q4","08","Apartment","5","Rural areas","Number","0"
"NDQ03","New Dwelling Completions","20151","2015Q1","-","All house types","1","Urban areas","Number","832"
"NDQ03","New Dwelling Completions","20151","2015Q1","-","All house types","5","Rural areas","Number","539"
"NDQ03","New Dwelling Completions","20151","2015Q1","06","Single house","1","Urban areas","Number","126"
"NDQ03","New Dwelling Completions","20151","2015Q1","06","Single house","5","Rural areas","Number","533"
"NDQ03","New Dwelling Completions","20151","2015Q1","07","Scheme house","1","Urban areas","Number","600"
"NDQ03","New Dwelling Completions","20151","2015Q1","07","Scheme house","5","Rural areas","Number","6"
"NDQ03","New Dwelling Completions","20151","2015Q1","08","Apartment","1","Urban areas","Number","106"
"NDQ03","New Dwelling Completions","20151","2015Q1","08","Apartment","5","Rural areas","Number","0"
"NDQ03","New Dwelling Completions","20152","2015Q2","-","All house types","1","Urban areas","Number","952"
"NDQ03","New Dwelling Completions","20152","2015Q2","-","All house types","5","Rural areas","Number","618"
"NDQ03","New Dwelling Completions","20152","2015Q2","06","Single house","1","Urban areas","Number","132"
"NDQ03","New Dwelling Completions","20152","2015Q2","06","Single house","5","Rural areas","Number","603"
"NDQ03","New Dwelling Completions","20152","2015Q2","07","Scheme house","1","Urban areas","Number","661"
"NDQ03","New Dwelling Completions","20152","2015Q2","07","Scheme house","5","Rural areas","Number","13"
"NDQ03","New Dwelling Completions","20152","2015Q2","08","Apartment","1","Urban areas","Number","159"
"NDQ03","New Dwelling Completions","20152","2015Q2","08","Apartment","5","Rural areas","Number","2"
"NDQ03","New Dwelling Completions","20153","2015Q3","-","All house types","1","Urban areas","Number","1281"
"NDQ03","New Dwelling Completions","20153","2015Q3","-","All house types","5","Rural areas","Number","751"
"NDQ03","New Dwelling Completions","20153","2015Q3","06","Single house","1","Urban areas","Number","156"
"NDQ03","New Dwelling Completions","20153","2015Q3","06","Single house","5","Rural areas","Number","723"
"NDQ03","New Dwelling Completions","20153","2015Q3","07","Scheme house","1","Urban areas","Number","872"
"NDQ03","New Dwelling Completions","20153","2015Q3","07","Scheme house","5","Rural areas","Number","27"
"NDQ03","New Dwelling Completions","20153","2015Q3","08","Apartment","1","Urban areas","Number","253"
"NDQ03","New Dwelling Completions","20153","2015Q3","08","Apartment","5","Rural areas","Number","1"
"NDQ03","New Dwelling Completions","20154","2015Q4","-","All house types","1","Urban areas","Number","1420"
"NDQ03","New Dwelling Completions","20154","2015Q4","-","All house types","5","Rural areas","Number","824"
"NDQ03","New Dwelling Completions","20154","2015Q4","06","Single house","1","Urban areas","Number","180"
"NDQ03","New Dwelling Completions","20154","2015Q4","06","Single house","5","Rural areas","Number","799"
"NDQ03","New Dwelling Completions","20154","2015Q4","07","Scheme house","1","Urban areas","Number","1097"
"NDQ03","New Dwelling Completions","20154","2015Q4","07","Scheme house","5","Rural areas","Number","18"
"NDQ03","New Dwelling Completions","20154","2015Q4","08","Apartment","1","Urban areas","Number","143"
"NDQ03","New Dwelling Completions","20154","2015Q4","08","Apartment","5","Rural areas","Number","7"
"NDQ03","New Dwelling Completions","20161","2016Q1","-","All house types","1","Urban areas","Number","1396"
"NDQ03","New Dwelling Completions","20161","2016Q1","-","All house types","5","Rural areas","Number","562"
"NDQ03","New Dwelling Completions","20161","2016Q1","06","Single house","1","Urban areas","Number","144"
"NDQ03","New Dwelling Completions","20161","2016Q1","06","Single house","5","Rural areas","Number","549"
"NDQ03","New Dwelling Completions","20161","2016Q1","07","Scheme house","1","Urban areas","Number","919"
"NDQ03","New Dwelling Completions","20161","2016Q1","07","Scheme house","5","Rural areas","Number","13"
"NDQ03","New Dwelling Completions","20161","2016Q1","08","Apartment","1","Urban areas","Number","333"
"NDQ03","New Dwelling Completions","20161","2016Q1","08","Apartment","5","Rural areas","Number","0"
"NDQ03","New Dwelling Completions","20162","2016Q2","-","All house types","1","Urban areas","Number","1650"
"NDQ03","New Dwelling Completions","20162","2016Q2","-","All house types","5","Rural areas","Number","734"
"NDQ03","New Dwelling Completions","20162","2016Q2","06","Single house","1","Urban areas","Number","155"
"NDQ03","New Dwelling Completions","20162","2016Q2","06","Single house","5","Rural areas","Number","724"
"NDQ03","New Dwelling Completions","20162","2016Q2","07","Scheme house","1","Urban areas","Number","1245"
"NDQ03","New Dwelling Completions","20162","2016Q2","07","Scheme house","5","Rural areas","Number","8"
"NDQ03","New Dwelling Completions","20162","2016Q2","08","Apartment","1","Urban areas","Number","250"
"NDQ03","New Dwelling Completions","20162","2016Q2","08","Apartment","5","Rural areas","Number","2"
"NDQ03","New Dwelling Completions","20163","2016Q3","-","All house types","1","Urban areas","Number","1673"
"NDQ03","New Dwelling Completions","20163","2016Q3","-","All house types","5","Rural areas","Number","806"
"NDQ03","New Dwelling Completions","20163","2016Q3","06","Single house","1","Urban areas","Number","182"
"NDQ03","New Dwelling Completions","20163","2016Q3","06","Single house","5","Rural areas","Number","790"
"NDQ03","New Dwelling Completions","20163","2016Q3","07","Scheme house","1","Urban areas","Number","1208"
"NDQ03","New Dwelling Completions","20163","2016Q3","07","Scheme house","5","Rural areas","Number","16"
"NDQ03","New Dwelling Completions","20163","2016Q3","08","Apartment","1","Urban areas","Number","283"
"NDQ03","New Dwelling Completions","20163","2016Q3","08","Apartment","5","Rural areas","Number","0"
"NDQ03","New Dwelling Completions","20164","2016Q4","-","All house types","1","Urban areas","Number","2102"
"NDQ03","New Dwelling Completions","20164","2016Q4","-","All house types","5","Rural areas","Number","898"
"NDQ03","New Dwelling Completions","20164","2016Q4","06","Single house","1","Urban areas","Number","196"
"NDQ03","New Dwelling Completions","20164","2016Q4","06","Single house","5","Rural areas","Number","880"
"NDQ03","New Dwelling Completions","20164","2016Q4","07","Scheme house","1","Urban areas","Number","1627"
"NDQ03","New Dwelling Completions","20164","2016Q4","07","Scheme house","5","Rural areas","Number","16"
"NDQ03","New Dwelling Completions","20164","2016Q4","08","Apartment","1","Urban areas","Number","279"
"NDQ03","New Dwelling Completions","20164","2016Q4","08","Apartment","5","Rural areas","Number","2"
"NDQ03","New Dwelling Completions","20171","2017Q1","-","All house types","1","Urban areas","Number","2053"
"NDQ03","New Dwelling Completions","20171","2017Q1","-","All house types","5","Rural areas","Number","705"
"NDQ03","New Dwelling Completions","20171","2017Q1","06","Single house","1","Urban areas","Number","175"
"NDQ03","New Dwelling Completions","20171","2017Q1","06","Single house","5","Rural areas","Number","696"
"NDQ03","New Dwelling Completions","20171","2017Q1","07","Scheme house","1","Urban areas","Number","1406"
"NDQ03","New Dwelling Completions","20171","2017Q1","07","Scheme house","5","Rural areas","Number","9"
"NDQ03","New Dwelling Completions","20171","2017Q1","08","Apartment","1","Urban areas","Number","472"
"NDQ03","New Dwelling Completions","20171","2017Q1","08","Apartment","5","Rural areas","Number","0"
"NDQ03","New Dwelling Completions","20172","2017Q2","-","All house types","1","Urban areas","Number","2400"
"NDQ03","New Dwelling Completions","20172","2017Q2","-","All house types","5","Rural areas","Number","845"
"NDQ03","New Dwelling Completions","20172","2017Q2","06","Single house","1","Urban areas","Number","212"
"NDQ03","New Dwelling Completions","20172","2017Q2","06","Single house","5","Rural areas","Number","812"
"NDQ03","New Dwelling Completions","20172","2017Q2","07","Scheme house","1","Urban areas","Number","1750"
"NDQ03","New Dwelling Completions","20172","2017Q2","07","Scheme house","5","Rural areas","Number","26"
"NDQ03","New Dwelling Completions","20172","2017Q2","08","Apartment","1","Urban areas","Number","438"
"NDQ03","New Dwelling Completions","20172","2017Q2","08","Apartment","5","Rural areas","Number","7"
"NDQ03","New Dwelling Completions","20173","2017Q3","-","All house types","1","Urban areas","Number","2809"
"NDQ03","New Dwelling Completions","20173","2017Q3","-","All house types","5","Rural areas","Number","934"
"NDQ03","New Dwelling Completions","20173","2017Q3","06","Single house","1","Urban areas","Number","193"
"NDQ03","New Dwelling Completions","20173","2017Q3","06","Single house","5","Rural areas","Number","926"
"NDQ03","New Dwelling Completions","20173","2017Q3","07","Scheme house","1","Urban areas","Number","1994"
"NDQ03","New Dwelling Completions","20173","2017Q3","07","Scheme house","5","Rural areas","Number","8"
"NDQ03","New Dwelling Completions","20173","2017Q3","08","Apartment","1","Urban areas","Number","622"
"NDQ03","New Dwelling Completions","20173","2017Q3","08","Apartment","5","Rural areas","Number","0"
"NDQ03","New Dwelling Completions","20174","2017Q4","-","All house types","1","Urban areas","Number","3574"
"NDQ03","New Dwelling Completions","20174","2017Q4","-","All house types","5","Rural areas","Number","976"
"NDQ03","New Dwelling Completions","20174","2017Q4","06","Single house","1","Urban areas","Number","266"
"NDQ03","New Dwelling Completions","20174","2017Q4","06","Single house","5","Rural areas","Number","957"
"NDQ03","New Dwelling Completions","20174","2017Q4","07","Scheme house","1","Urban areas","Number","2671"
"NDQ03","New Dwelling Completions","20174","2017Q4","07","Scheme house","5","Rural areas","Number","16"
"NDQ03","New Dwelling Completions","20174","2017Q4","08","Apartment","1","Urban areas","Number","637"
"NDQ03","New Dwelling Completions","20174","2017Q4","08","Apartment","5","Rural areas","Number","3"
"NDQ03","New Dwelling Completions","20181","2018Q1","-","All house types","1","Urban areas","Number","2656"
"NDQ03","New Dwelling Completions","20181","2018Q1","-","All house types","5","Rural areas","Number","793"
"NDQ03","New Dwelling Completions","20181","2018Q1","06","Single house","1","Urban areas","Number","193"
"NDQ03","New Dwelling Completions","20181","2018Q1","06","Single house","5","Rural areas","Number","771"
"NDQ03","New Dwelling Completions","20181","2018Q1","07","Scheme house","1","Urban areas","Number","1994"
"NDQ03","New Dwelling Completions","20181","2018Q1","07","Scheme house","5","Rural areas","Number","16"
"NDQ03","New Dwelling Completions","20181","2018Q1","08","Apartment","1","Urban areas","Number","469"
"NDQ03","New Dwelling Completions","20181","2018Q1","08","Apartment","5","Rural areas","Number","6"
"NDQ03","New Dwelling Completions","20182","2018Q2","-","All house types","1","Urban areas","Number","3410"
"NDQ03","New Dwelling Completions","20182","2018Q2","-","All house types","5","Rural areas","Number","966"
"NDQ03","New Dwelling Completions","20182","2018Q2","06","Single house","1","Urban areas","Number","209"
"NDQ03","New Dwelling Completions","20182","2018Q2","06","Single house","5","Rural areas","Number","940"
"NDQ03","New Dwelling Completions","20182","2018Q2","07","Scheme house","1","Urban areas","Number","2731"
"NDQ03","New Dwelling Completions","20182","2018Q2","07","Scheme house","5","Rural areas","Number","23"
"NDQ03","New Dwelling Completions","20182","2018Q2","08","Apartment","1","Urban areas","Number","470"
"NDQ03","New Dwelling Completions","20182","2018Q2","08","Apartment","5","Rural areas","Number","3"
"NDQ03","New Dwelling Completions","20183","2018Q3","-","All house types","1","Urban areas","Number","3628"
"NDQ03","New Dwelling Completions","20183","2018Q3","-","All house types","5","Rural areas","Number","995"
"NDQ03","New Dwelling Completions","20183","2018Q3","06","Single house","1","Urban areas","Number","235"
"NDQ03","New Dwelling Completions","20183","2018Q3","06","Single house","5","Rural areas","Number","972"
"NDQ03","New Dwelling Completions","20183","2018Q3","07","Scheme house","1","Urban areas","Number","2813"
"NDQ03","New Dwelling Completions","20183","2018Q3","07","Scheme house","5","Rural areas","Number","19"
"NDQ03","New Dwelling Completions","20183","2018Q3","08","Apartment","1","Urban areas","Number","580"
"NDQ03","New Dwelling Completions","20183","2018Q3","08","Apartment","5","Rural areas","Number","4"
"NDQ03","New Dwelling Completions","20184","2018Q4","-","All house types","1","Urban areas","Number","4288"
"NDQ03","New Dwelling Completions","20184","2018Q4","-","All house types","5","Rural areas","Number","1136"
"NDQ03","New Dwelling Completions","20184","2018Q4","06","Single house","1","Urban areas","Number","249"
"NDQ03","New Dwelling Completions","20184","2018Q4","06","Single house","5","Rural areas","Number","1102"
"NDQ03","New Dwelling Completions","20184","2018Q4","07","Scheme house","1","Urban areas","Number","3335"
"NDQ03","New Dwelling Completions","20184","2018Q4","07","Scheme house","5","Rural areas","Number","27"
"NDQ03","New Dwelling Completions","20184","2018Q4","08","Apartment","1","Urban areas","Number","704"
"NDQ03","New Dwelling Completions","20184","2018Q4","08","Apartment","5","Rural areas","Number","7"
"NDQ03","New Dwelling Completions","20191","2019Q1","-","All house types","1","Urban areas","Number","3353"
"NDQ03","New Dwelling Completions","20191","2019Q1","-","All house types","5","Rural areas","Number","889"
"NDQ03","New Dwelling Completions","20191","2019Q1","06","Single house","1","Urban areas","Number","229"
"NDQ03","New Dwelling Completions","20191","2019Q1","06","Single house","5","Rural areas","Number","860"
"NDQ03","New Dwelling Completions","20191","2019Q1","07","Scheme house","1","Urban areas","Number","2537"
"NDQ03","New Dwelling Completions","20191","2019Q1","07","Scheme house","5","Rural areas","Number","27"
"NDQ03","New Dwelling Completions","20191","2019Q1","08","Apartment","1","Urban areas","Number","587"
"NDQ03","New Dwelling Completions","20191","2019Q1","08","Apartment","5","Rural areas","Number","2"
"NDQ03","New Dwelling Completions","20192","2019Q2","-","All house types","1","Urban areas","Number","3691"
"NDQ03","New Dwelling Completions","20192","2019Q2","-","All house types","5","Rural areas","Number","1130"
"NDQ03","New Dwelling Completions","20192","2019Q2","06","Single house","1","Urban areas","Number","246"
"NDQ03","New Dwelling Completions","20192","2019Q2","06","Single house","5","Rural areas","Number","1082"
"NDQ03","New Dwelling Completions","20192","2019Q2","07","Scheme house","1","Urban areas","Number","2787"
"NDQ03","New Dwelling Completions","20192","2019Q2","07","Scheme house","5","Rural areas","Number","45"
"NDQ03","New Dwelling Completions","20192","2019Q2","08","Apartment","1","Urban areas","Number","658"
"NDQ03","New Dwelling Completions","20192","2019Q2","08","Apartment","5","Rural areas","Number","3"
"NDQ03","New Dwelling Completions","20193","2019Q3","-","All house types","1","Urban areas","Number","4584"
"NDQ03","New Dwelling Completions","20193","2019Q3","-","All house types","5","Rural areas","Number","1059"
"NDQ03","New Dwelling Completions","20193","2019Q3","06","Single house","1","Urban areas","Number","243"
"NDQ03","New Dwelling Completions","20193","2019Q3","06","Single house","5","Rural areas","Number","1029"
"NDQ03","New Dwelling Completions","20193","2019Q3","07","Scheme house","1","Urban areas","Number","3293"
"NDQ03","New Dwelling Completions","20193","2019Q3","07","Scheme house","5","Rural areas","Number","24"
"NDQ03","New Dwelling Completions","20193","2019Q3","08","Apartment","1","Urban areas","Number","1048"
"NDQ03","New Dwelling Completions","20193","2019Q3","08","Apartment","5","Rural areas","Number","6"
"NDQ03","New Dwelling Completions","20194","2019Q4","-","All house types","1","Urban areas","Number","5226"
"NDQ03","New Dwelling Completions","20194","2019Q4","-","All house types","5","Rural areas","Number","1194"
"NDQ03","New Dwelling Completions","20194","2019Q4","06","Single house","1","Urban areas","Number","257"
"NDQ03","New Dwelling Completions","20194","2019Q4","06","Single house","5","Rural areas","Number","1159"
"NDQ03","New Dwelling Completions","20194","2019Q4","07","Scheme house","1","Urban areas","Number","3796"
"NDQ03","New Dwelling Completions","20194","2019Q4","07","Scheme house","5","Rural areas","Number","28"
"NDQ03","New Dwelling Completions","20194","2019Q4","08","Apartment","1","Urban areas","Number","1173"
"NDQ03","New Dwelling Completions","20194","2019Q4","08","Apartment","5","Rural areas","Number","7"
"NDQ03","New Dwelling Completions","20201","2020Q1","-","All house types","1","Urban areas","Number","4010"
"NDQ03","New Dwelling Completions","20201","2020Q1","-","All house types","5","Rural areas","Number","941"
"NDQ03","New Dwelling Completions","20201","2020Q1","06","Single house","1","Urban areas","Number","197"
"NDQ03","New Dwelling Completions","20201","2020Q1","06","Single house","5","Rural areas","Number","910"
"NDQ03","New Dwelling Completions","20201","2020Q1","07","Scheme house","1","Urban areas","Number","2813"
"NDQ03","New Dwelling Completions","20201","2020Q1","07","Scheme house","5","Rural areas","Number","28"
"NDQ03","New Dwelling Completions","20201","2020Q1","08","Apartment","1","Urban areas","Number","1000"
"NDQ03","New Dwelling Completions","20201","2020Q1","08","Apartment","5","Rural areas","Number","3"
"NDQ03","New Dwelling Completions","20202","2020Q2","-","All house types","1","Urban areas","Number","2463"
"NDQ03","New Dwelling Completions","20202","2020Q2","-","All house types","5","Rural areas","Number","780"
"NDQ03","New Dwelling Completions","20202","2020Q2","06","Single house","1","Urban areas","Number","131"
"NDQ03","New Dwelling Completions","20202","2020Q2","06","Single house","5","Rural areas","Number","747"
"NDQ03","New Dwelling Completions","20202","2020Q2","07","Scheme house","1","Urban areas","Number","1811"
"NDQ03","New Dwelling Completions","20202","2020Q2","07","Scheme house","5","Rural areas","Number","30"
"NDQ03","New Dwelling Completions","20202","2020Q2","08","Apartment","1","Urban areas","Number","521"
"NDQ03","New Dwelling Completions","20202","2020Q2","08","Apartment","5","Rural areas","Number","3"
"NDQ03","New Dwelling Completions","20203","2020Q3","-","All house types","1","Urban areas","Number","3809"
"NDQ03","New Dwelling Completions","20203","2020Q3","-","All house types","5","Rural areas","Number","1238"
"NDQ03","New Dwelling Completions","20203","2020Q3","06","Single house","1","Urban areas","Number","259"
"NDQ03","New Dwelling Completions","20203","2020Q3","06","Single house","5","Rural areas","Number","1203"
"NDQ03","New Dwelling Completions","20203","2020Q3","07","Scheme house","1","Urban areas","Number","2840"
"NDQ03","New Dwelling Completions","20203","2020Q3","07","Scheme house","5","Rural areas","Number","30"
"NDQ03","New Dwelling Completions","20203","2020Q3","08","Apartment","1","Urban areas","Number","710"
"NDQ03","New Dwelling Completions","20203","2020Q3","08","Apartment","5","Rural areas","Number","5"
"NDQ03","New Dwelling Completions","20204","2020Q4","-","All house types","1","Urban areas","Number","6035"
"NDQ03","New Dwelling Completions","20204","2020Q4","-","All house types","5","Rural areas","Number","1298"
"NDQ03","New Dwelling Completions","20204","2020Q4","06","Single house","1","Urban areas","Number","277"
"NDQ03","New Dwelling Completions","20204","2020Q4","06","Single house","5","Rural areas","Number","1253"
"NDQ03","New Dwelling Completions","20204","2020Q4","07","Scheme house","1","Urban areas","Number","4094"
"NDQ03","New Dwelling Completions","20204","2020Q4","07","Scheme house","5","Rural areas","Number","42"
"NDQ03","New Dwelling Completions","20204","2020Q4","08","Apartment","1","Urban areas","Number","1664"
"NDQ03","New Dwelling Completions","20204","2020Q4","08","Apartment","5","Rural areas","Number","3"
"NDQ03","New Dwelling Completions","20211","2021Q1","-","All house types","1","Urban areas","Number","3151"
"NDQ03","New Dwelling Completions","20211","2021Q1","-","All house types","5","Rural areas","Number","816"
"NDQ03","New Dwelling Completions","20211","2021Q1","06","Single house","1","Urban areas","Number","198"
"NDQ03","New Dwelling Completions","20211","2021Q1","06","Single house","5","Rural areas","Number","779"
"NDQ03","New Dwelling Completions","20211","2021Q1","07","Scheme house","1","Urban areas","Number","2223"
"NDQ03","New Dwelling Completions","20211","2021Q1","07","Scheme house","5","Rural areas","Number","37"
"NDQ03","New Dwelling Completions","20211","2021Q1","08","Apartment","1","Urban areas","Number","730"
"NDQ03","New Dwelling Completions","20211","2021Q1","08","Apartment","5","Rural areas","Number","0"
"NDQ03","New Dwelling Completions","20212","2021Q2","-","All house types","1","Urban areas","Number","3981"
"NDQ03","New Dwelling Completions","20212","2021Q2","-","All house types","5","Rural areas","Number","1001"
"NDQ03","New Dwelling Completions","20212","2021Q2","06","Single house","1","Urban areas","Number","196"
"NDQ03","New Dwelling Completions","20212","2021Q2","06","Single house","5","Rural areas","Number","965"
"NDQ03","New Dwelling Completions","20212","2021Q2","07","Scheme house","1","Urban areas","Number","2507"
"NDQ03","New Dwelling Completions","20212","2021Q2","07","Scheme house","5","Rural areas","Number","35"
"NDQ03","New Dwelling Completions","20212","2021Q2","08","Apartment","1","Urban areas","Number","1278"
"NDQ03","New Dwelling Completions","20212","2021Q2","08","Apartment","5","Rural areas","Number","1"
"NDQ03","New Dwelling Completions","20213","2021Q3","-","All house types","1","Urban areas","Number","3602"
"NDQ03","New Dwelling Completions","20213","2021Q3","-","All house types","5","Rural areas","Number","1045"
"NDQ03","New Dwelling Completions","20213","2021Q3","06","Single house","1","Urban areas","Number","221"
"NDQ03","New Dwelling Completions","20213","2021Q3","06","Single house","5","Rural areas","Number","985"
"NDQ03","New Dwelling Completions","20213","2021Q3","07","Scheme house","1","Urban areas","Number","2416"
"NDQ03","New Dwelling Completions","20213","2021Q3","07","Scheme house","5","Rural areas","Number","60"
"NDQ03","New Dwelling Completions","20213","2021Q3","08","Apartment","1","Urban areas","Number","965"
"NDQ03","New Dwelling Completions","20213","2021Q3","08","Apartment","5","Rural areas","Number","0"
"NDQ03","New Dwelling Completions","20214","2021Q4","-","All house types","1","Urban areas","Number","5749"
"NDQ03","New Dwelling Completions","20214","2021Q4","-","All house types","5","Rural areas","Number","1208"
"NDQ03","New Dwelling Completions","20214","2021Q4","06","Single house","1","Urban areas","Number","236"
"NDQ03","New Dwelling Completions","20214","2021Q4","06","Single house","5","Rural areas","Number","1158"
"NDQ03","New Dwelling Completions","20214","2021Q4","07","Scheme house","1","Urban areas","Number","3364"
"NDQ03","New Dwelling Completions","20214","2021Q4","07","Scheme house","5","Rural areas","Number","47"
"NDQ03","New Dwelling Completions","20214","2021Q4","08","Apartment","1","Urban areas","Number","2149"
"NDQ03","New Dwelling Completions","20214","2021Q4","08","Apartment","5","Rural areas","Number","3"
"NDQ03","New Dwelling Completions","20221","2022Q1","-","All house types","1","Urban areas","Number","4672"
"NDQ03","New Dwelling Completions","20221","2022Q1","-","All house types","5","Rural areas","Number","968"
"NDQ03","New Dwelling Completions","20221","2022Q1","06","Single house","1","Urban areas","Number","200"
"NDQ03","New Dwelling Completions","20221","2022Q1","06","Single house","5","Rural areas","Number","911"
"NDQ03","New Dwelling Completions","20221","2022Q1","07","Scheme house","1","Urban areas","Number","2751"
"NDQ03","New Dwelling Completions","20221","2022Q1","07","Scheme house","5","Rural areas","Number","57"
"NDQ03","New Dwelling Completions","20221","2022Q1","08","Apartment","1","Urban areas","Number","1721"
"NDQ03","New Dwelling Completions","20221","2022Q1","08","Apartment","5","Rural areas","Number","0"
"NDQ03","New Dwelling Completions","20222","2022Q2","-","All house types","1","Urban areas","Number","6517"
"NDQ03","New Dwelling Completions","20222","2022Q2","-","All house types","5","Rural areas","Number","1120"
"NDQ03","New Dwelling Completions","20222","2022Q2","06","Single house","1","Urban areas","Number","256"
"NDQ03","New Dwelling Completions","20222","2022Q2","06","Single house","5","Rural areas","Number","1087"
"NDQ03","New Dwelling Completions","20222","2022Q2","07","Scheme house","1","Urban areas","Number","3914"
"NDQ03","New Dwelling Completions","20222","2022Q2","07","Scheme house","5","Rural areas","Number","30"
"NDQ03","New Dwelling Completions","20222","2022Q2","08","Apartment","1","Urban areas","Number","2347"
"NDQ03","New Dwelling Completions","20222","2022Q2","08","Apartment","5","Rural areas","Number","3"
"NDQ03","New Dwelling Completions","20223","2022Q3","-","All house types","1","Urban areas","Number","6087"
"NDQ03","New Dwelling Completions","20223","2022Q3","-","All house types","5","Rural areas","Number","1315"
"NDQ03","New Dwelling Completions","20223","2022Q3","06","Single house","1","Urban areas","Number","289"
"NDQ03","New Dwelling Completions","20223","2022Q3","06","Single house","5","Rural areas","Number","1242"
"NDQ03","New Dwelling Completions","20223","2022Q3","07","Scheme house","1","Urban areas","Number","3508"
"NDQ03","New Dwelling Completions","20223","2022Q3","07","Scheme house","5","Rural areas","Number","68"
"NDQ03","New Dwelling Completions","20223","2022Q3","08","Apartment","1","Urban areas","Number","2290"
"NDQ03","New Dwelling Completions","20223","2022Q3","08","Apartment","5","Rural areas","Number","5"
"NDQ03","New Dwelling Completions","20224","2022Q4","-","All house types","1","Urban areas","Number","7804"
"NDQ03","New Dwelling Completions","20224","2022Q4","-","All house types","5","Rural areas","Number","1339"
"NDQ03","New Dwelling Completions","20224","2022Q4","06","Single house","1","Urban areas","Number","316"
"NDQ03","New Dwelling Completions","20224","2022Q4","06","Single house","5","Rural areas","Number","1214"
"NDQ03","New Dwelling Completions","20224","2022Q4","07","Scheme house","1","Urban areas","Number","4711"
"NDQ03","New Dwelling Completions","20224","2022Q4","07","Scheme house","5","Rural areas","Number","121"
"NDQ03","New Dwelling Completions","20224","2022Q4","08","Apartment","1","Urban areas","Number","2777"
"NDQ03","New Dwelling Completions","20224","2022Q4","08","Apartment","5","Rural areas","Number","4"
"NDQ03","New Dwelling Completions","20231","2023Q1","-","All house types","1","Urban areas","Number","5749"
"NDQ03","New Dwelling Completions","20231","2023Q1","-","All house types","5","Rural areas","Number","967"
"NDQ03","New Dwelling Completions","20231","2023Q1","06","Single house","1","Urban areas","Number","271"
"NDQ03","New Dwelling Completions","20231","2023Q1","06","Single house","5","Rural areas","Number","926"
"NDQ03","New Dwelling Completions","20231","2023Q1","07","Scheme house","1","Urban areas","Number","3056"
"NDQ03","New Dwelling Completions","20231","2023Q1","07","Scheme house","5","Rural areas","Number","36"
"NDQ03","New Dwelling Completions","20231","2023Q1","08","Apartment","1","Urban areas","Number","2422"
"NDQ03","New Dwelling Completions","20231","2023Q1","08","Apartment","5","Rural areas","Number","5"
